,college_name,tcs_region
0,"Srm Engineering College., Kattankulathur",Chennai
1,"Army Institute of Technology,Pune University, Pune",Pune
2,"Osmania University, Hyderabad",Hyderabad
3,"Medicaps Inst of Tech & Management, Indore",Mumbai
4,"Ramrao Adik Institute of Technology,Nerul",Mumbai
5,"Institute of Engg & Management, Kolkata",Kolkata
6,Indira Gandhi Delhi Technical University for Women,Delhi
7,Gandhi Inst of Tech & Mgmt-Visakhapatnam,Hyderabad
8,"SRI SAI RAM INSTITUTE OF TECHNOLOGY, CHENNAI",Chennai
9,Rajiv Gandhi University of Knowledge Technologies,Hyderabad
10,"Shri Ram Swaroop Memorial College of Engineering & Management, Lucknow",Lucknow
11,Guru Nanak University,Delhi
12,"Gurukul Kangri Vishwavidyalaya, Hardwar",Delhi
13,"Krishna Institute of Engineering & Technology, Ghaziabad",Delhi
14,"Indian School of Mines, Dhanbad",Kolkata
15,Thadomal Shahani Engg. College - Mumbai,Mumbai
16,Anil Neerukonda Institute of Technology & Sciences,Hyderabad
17,"ABES Engineering College, Delhi",Delhi
18,SASTRA University,Chennai
19,"Gandhi Institute of Engineering and Technology, Gunpur",Kolkata
20,"JAWAHARLAL NEHRU NATIONAL COLLEGE OF ENG, SHIMOGA",Bangalore
21,"Walchand College of Eng., Sangli",Pune
22,Kalinga Institute of Industrial & Technology (KIIT),Kolkata
23,"Shri Ram Murti Smarak College of Engg and Tech, Bareilly",Lucknow
25,"Kalyani Govt. Engg. College, WB",Kolkata
26,"Heritage Institute of Technology, Anandapur, Kolkata",Kolkata
29,Madan Mohan Maliviya Enng. College,Lucknow
30,"MCKV Institute of Engineering,Howrah",Kolkata
31,"Zakir Husain College of Engineering & Technology, AMU Aligarh",Delhi
32,COE - Trivandrum,Trivandrum
34,Jadavpur University,Kolkata
35,Federal Institute of Scince and Technology. Ernakulam,Trivandrum
36,INDORE INSTITUTE OF SCIENCE & TECHNOLOGY - INDORE,Mumbai
37,"PES COLLEGE OF ENGINEERING, MANDYA",Bangalore
38,"Govt.Engg College, Gandhinagar",Ahmedabad
39,IIT Roorkee (UOR),Delhi
41,"BVB Coll of Engg & Tech, Hubli",Bangalore
42,VIT University,Chennai
44,"Vignan's Institute of Information Technology, Visakhapatnam",Hyderabad
45,"Vishwakarma Government Engineering College, Gandhinagar",Ahmedabad
46,Birla Vishwakarma Mahavidyalaya-Anand,Ahmedabad
47,Shri Mata Vaishno Devi University,Delhi
48,"VNR Vignana Jyothi Institute of Engineering & Technology, Hyderabad",Hyderabad
49,"VVP Engineering College, Rajkot.",Ahmedabad
51,"Technocrat Institute of Technology, Bhopal",Mumbai
52,"Padmasri B.V.Raju Institute of Technology, Vishnupur",Hyderabad
53,"Dr. B C Roy Engineering College, Durgapur",Kolkata
54,P V P Siddhartha Institute of Technology,Hyderabad
57,"Sardar Vallabh Regional Engineering College, Surat",Ahmedabad
58,"University Inst of Tech, RGPV Bhopal",Mumbai
61,"Dharamsinh Desai Instt. of Tech., Nadiad",Ahmedabad
63,Jalpaiguri Govt Engg College- Jalpaiguri,Kolkata
64,"NIT , Raipur",Mumbai
65,SHARDA UNIVERSITY - GREATER NOIDA,Delhi
66,"IMS Engg College, Ghaziabad",Delhi
68,Kamla Nehru Institute of Technology,Lucknow
69,"L. D. College of Engineering, Ahmedabad",Ahmedabad
71,"Indian Inst of Info Tech & Mngt, Gwalior",Delhi
72,"NETAJI SUBHASH ENGINEERING COLLEGE, WEST BENGAL UNIVERSITY OF TECHNOLOGY",Kolkata
73,"CVR College of Engineering, Vastunagar",Hyderabad
74,NIT Durgapur,Kolkata
75,"Techno India College of Technology, Rajarhat",Kolkata
76,D. J. Sanghvi College of Engg - Mumbai,Mumbai
77,"BHARATI VIDYAPEETH'S COLLEGE OF ENGINEERING, NEW DELHI",Delhi
79,"Veer Surendra Sai University of Technology, Burla",Kolkata
80,JMIT Radaur,Delhi
86,"Pillai's Institute of Information Tech, New Panvel",Mumbai
88,BHAGWAN PARSHURAM INSTITUTE OF TECHNOLOGY - DELHI,Delhi
89,IIT - PATNA,Kolkata
90,DEENBANDHU CHHOTU RAM UNIVERSITY OF SCIENCE AND TECHNOLOGY - MURTHAL,Delhi
91,"Fr. Conceicao Rodrigues Instt of Technology, Vashi",Mumbai
92,"Asansol Engg College, Asansol - W.B.",Kolkata
95,JNTUK UNIVERSITY COLLEGE OF ENGG. VIZIANAGARAM,Hyderabad
96,"INDIAN INSTITUTE OF TECHNOLOGY, HYDERABAD",Hyderabad
97,"Narula Institute of Tech., Kolkata",Kolkata
100,"UIET, Punjab University, Chandigarh",Delhi
103,"Institute of Engg. & Rural Technology, Allahabad",Lucknow
105,"Rajagiri School of Engineering & Technology, Cochin",Trivandrum
106,"Jaipur Engineering College & Research Centre( Jecrc), Jaipur",Delhi
107,"Dayanand Sagar Col. of Engg., Bangalore",Bangalore
108,"Vidyalankar Inst. of Technology, Mumbai University",Mumbai
112,"Vishwajyothi College of Engineering and Technology, Vazhakulam",Trivandrum
114,"R.C.PATEL INSTITUTE OF TECHNOLOGY, SHIRPUR",Pune
117,"Institute of Technology, Nirma University",Ahmedabad
118,VIMAL JYOTHI ENGINEERING COLLEGE,Trivandrum
119,"Institute of Engg. Technology, Lucknow",Lucknow
121,"Godavari Institute of Engineering and Technology, Rajahmumndry",Hyderabad
122,"College of Engineering and Technology, Bhubaneswar",Kolkata
123,"Sardar Patel College of Engg., Bomby",Mumbai
125,"Sri Sivasubramania Nadar COE, Kalavakkam",Chennai
126,sreepathy institute of management and technology vavanoor,Trivandrum
129,"MANAKULA VINAYAGAR INSTITUTE OF TECHNOLOGY, PONDICHERRY",Chennai
130,"Model Engineering College, Cochin.",Trivandrum
131,"Noida Institute of Engineering & Technology, Greater Noida",Delhi
133,"Manav Rachna College of Engineering, Delhi",Delhi
134,RAGHU ENGINEERING COLLEGE,Hyderabad
135,Shah & Anchor Kutchhi Engg. College,Mumbai
137,"Sarvajanik College of Engg. & Technology, Surat",Ahmedabad
138,Thakur College of Engineering & Technology. Mumbai,Mumbai
140,"Ambedkar Institute of Technology, Delhi",Delhi
141,"RVR & JC Collee of Engineering,Guntur, AP",Hyderabad
142,IIT - Kanpur,Lucknow
143,"Prof. Ram Meghe Institute of Technology & Research, Badnera-Amravati. (MS)",Pune
144,"CMR Institute of Technology, Bangalore",Bangalore
146,Lovely Professional University,Delhi
147,knowledge institute of technology kakapalayam,Chennai
148,Bhilai Institute of Technology - Durg,Mumbai
149,"National Engg College,Kovilpatti",Chennai
150,"Ajay Kumar Garg Engineering College, Ghaziabad",Delhi
152,"INDIAN INSTITUTE OF INFORMATION TECHNOLOGY, DESIGN & MANUFACTURING",Mumbai
156,"PIMPRI CHINCHWAD COLLEGE OF ENGG, PUNE",Pune
160,Fr. Consceicao Rodrigues College of Engg,Mumbai
163,"Trident Academy of Technology, Bhubaneswar",Kolkata
170,V R Siddhartha Engineering College,Hyderabad
171,"Bhaskaracharya College of Applied Sciences, University of Delhi",Delhi
172,"Meghnad Saha Institute of Technology, Kolkata",Kolkata
173,"Hitkarni COE, Jabalpur",Mumbai
176,"Haldia Instt of Technology, Haldia - W.B.",Kolkata
180,"M.H. Saboo Siddik COE, Mumbai",Mumbai
181,"Silicon Institute of Technology, Bhubaneswar",Kolkata
182,Ganesh Lal Bajaj Institute of Technology & Management,Delhi
183,"Poornima College of Engineering, Jaipur",Delhi
185,Amritsar College of Engineering and Technology,Delhi
186,"Manipal Institute of Technology, Manipal",Bangalore
189,"Techno India, Salt Lake",Kolkata
191,"Padre Conceicao College of Engineering, Verna, Goa",Mumbai
192,"Thiagarajar College of Engineering, Madurai",Chennai
193,"JK Inst. of Applied Physics & Dept. of ECE, Uni.Of Allahabad",Lucknow
194,"Mar Athanasius COE-Kothamangalam, Kerala",Trivandrum
195,"K.RAMAKRISHNAN COLLEGE OF TECHNOLOGY, TRICHY",Chennai
197,"Sri Vaishnav Institute of Technology, Indore",Mumbai
199,"Vardhaman College of Engineering, Hyderabad",Hyderabad
203,"University Institute of Technology, Burdwan",Kolkata
207,"Vishveshwarya Institute of Engineering & Technology, Noida",Delhi
211,"IIIT, Bangalore",Bangalore
212,"Integral University, Lucknow",Lucknow
216,"NIT,Silchar",Kolkata
222,RCC Institute of Information Technology - Kolkata,Kolkata
225,"Institute of Professional Studies (IPS Academy), Indore",Mumbai
226,"Bengal College of Engineering & Technology, Durgapur",Kolkata
227,"Maharaj Vijayaram Gajapathi Raj College of Engineering (MVGR), Vizianagaram",Hyderabad
228,"G. H. Patel College of Engg. & Tech., Vidyanagar",Ahmedabad
230,"Govt. College of Engineering, Ujjain, MP",Mumbai
231,Marwadi Education Foundation Group Of Institutions,Ahmedabad
232,"Jamia Millia Islamia, New Delhi.",Delhi
237,"Govt. College of Engg, Kannur",Trivandrum
238,"Birla Institute of Applied Sciences,Bhimtal(U.P.)",Lucknow
244,Government College of Engg. Udaipur,Delhi
245,"RAJALAKSHMI INSTITUTE OF TECHNOLOGY, CHENNAI",Chennai
250,VIGNAN'S LARA INSTITUTE FOR SCIENCE AND TECHNOLOGY,Hyderabad
251,LDRP ITR,Ahmedabad
253,GB Pant Government Engineering College New Delhi,Delhi
254,Maharishi Dayanand University - Rohtak,Delhi
261,"Shri Ramdeobaba Kamla Nehru College of Engg., Nagpur",Mumbai
263,"Babu Banarsi Das National Institute of Technology & Management, Lucknow",Lucknow
264,"N.S.S. College of Engineering, Palakkad",Trivandrum
265,"Gayatri Vidya Parishad College of Engg., Visakhapatnam,(Affiliated To J.N.T. Univ, Hyderabad)",Hyderabad
266,"Vivekananda Education Society's Institute of Technology, Chembur",Mumbai
268,"SARDAR VALLABHBHAI PATEL INSTITUTE OF TECHNOLOGY, VASAD",Ahmedabad
269,"SA Engineering College, Chennai",Chennai
271,"Manakula Vinayagar Engineering College, Pondicherry",Chennai
275,"SIES Graduate School of Technology, Nerul",Mumbai
276,"PES INSTITUTE OF TECHNOLOGY (PESIT), BANGALORE",Bangalore
277,CT Institute of Engineering Management and Technology,Delhi
282,Shri Govindram Seksaria Institute of Tech & Sc,Mumbai
283,K.S.R COLLEGE OF ENGINEERING - TIRUCHENGODE,Chennai
284,"Don Bosco Institute of Technology, Mumbai",Mumbai
285,Sri Sai Ram Engineering College,Chennai
288,"Oriental Institute of Science & Technology, Bhopal",Mumbai
289,Basaveshwar Engg College- Bagalkot,Bangalore
291,"Bundelkhand Inst of Engg & Tech, Jhansi",Delhi
292,SCHOOL OF ENGINEERING - TEZPUR UNIVERSITY - ASSAM,Kolkata
294,"Mohandas College of Engineering & Technology, Trivandrum",Trivandrum
295,Batanagar Institute Of Engineering Management and Science,Kolkata
297,"YMCA Institute of Engineering, Faridabad",Delhi
299,"Meenakshi Sundararajan Enginggering College, Chennai",Chennai
309,"J. N. T. U. College of Engg., Kakinada",Hyderabad
311,"Hindustan College of Science & Technology, Mathura",Delhi
313,"Madhav Institute of Technology Science, Gwalior",Delhi
316,Truba Inst. of Engg. & Information Tech,Mumbai
321,Pondicherry University,Chennai
327,sns college of engineering,Chennai
332,"Orissa Engg. College, Bhubaneshwar",Kolkata
337,NIT Jamshedpur,Kolkata
338,"K J Somaiya Institute of Engineering and Information Technology, Mumbai",Mumbai
340,PSIT Kanpur,Lucknow
341,Ambedkar Inst. of Technology. Bangalore,Bangalore
343,"Yeshwantrao Chawan College of Engg,Nagpur",Mumbai
346,"Kumaraguru College of Tech., Coimbatore",Chennai
348,"Mepco-Schelenk,Sivakasi",Chennai
349,University College of Science and Technology (University of Calcutta),Kolkata
350,"Galgotia's College of Engineering & Technology, Greater Noida",Delhi
353,"Sri Venkateswara College of Engineering & Technology, Chittoor",Hyderabad
354,"COLLEGE OF ENGINEERING, PUNE",Pune
356,"K K WAGH COLLEGE OF ENG, NASHIK",Pune
361,Rajalakshmi Engg. College,Chennai
365,"SINHGAD ACADEMY OF ENGINEERING, PUNE",Pune
374,"Government College of Engineering & Leather Technology, Kolkata",Kolkata
377,"Reva Institute of Technology and Management, Bangalore",Bangalore
378,Nirma University,Ahmedabad
380,VJTI Mumbai,Mumbai
381,"Gyan Ganga Institute of Technology & Sciences, Jabalpur",Mumbai
385,RCET RAIPUR,Mumbai
386,Sree Vidyanikethan Engg College-Tirupati,Hyderabad
388,"C S Patel Institute of Technology, Charusat, Changa",Ahmedabad
393,NIT - Srinagar,Delhi
395,"Amal Jyothi College of Engineering, Kottayam",Trivandrum
397,RGUKT - RK VALLEY,Hyderabad
398,"FACULTY OF ENGINEERING AND TECHNOLOGY, BAREILLY",Lucknow
399,Shri Sant Gajanan Maharaj COE - Shegaon,Pune
400,"Meerut Institute of Engineering & Technology, Meerut",Delhi
401,"K. I. T. S., Warangal, A.P.",Hyderabad
403,"Swami Keshvanand Institute of Technology, Management and Gramothan, Ramnagaria",Delhi
407,IIT Guwahati,Kolkata
408,"Velammal Engg College, Anna University",Chennai
410,"Rmd Engineering College, Chennai",Chennai
411,"Rajiv Gandhi College of Engineering & Research, Nagpur",Mumbai
415,COIMBATORE INSTITUTE OF ENGINEERING AND INFORMATION TECHNOLOGY,Chennai
418,"M N N I T, Allahabad",Lucknow
420,ABACUS INSTITUTE OF ENGINEERING & MANAGEMENT,Kolkata
425,Budge Budge Institute of Technology,Kolkata
427,"KLES Coll of Engg & Tech- Dharwar, Belgaum, Karnataka University",Bangalore
430,Amrita Vishwa Vidyapeetham,Chennai
431,C K Pithawala Collage of Engineering And Technology,Ahmedabad
433,Institute of Technical Education & Research,Kolkata
434,"Krupajal Engineering College, Bhubaneswar",Kolkata
439,SAGAR INSTITUTE OF SCIENCE AND TECHNOLOGY BHOPAL,Mumbai
440,"VELAMMAL COLLEGE OF ENGINEERING AND TECHNOLOGY, Madurai",Chennai
441,NIT Jalandhar,Delhi
449,"Laxminarain College of Technology,Bhopal",Mumbai
452,INTERNATIONAL INSTITUTE OF INFORMATION TECHNOLOGY - BHUBANESHWAR,Kolkata
453,"VELAMMAL INSTITUE OF TECHNOLOGY, PANCHETTY",Chennai
458,"School of IT, Guru Gobind Indraprastha Univ, Delhi",Delhi
459,Faculty of Enginnering & technology(Formerly CITM Faridabad),Delhi
460,"Dhirubhai Ambani Inst of Information & Communication Tech, Gujarat.",Ahmedabad
471,"Cochin Univ. of Science & Tech., Cochin",Trivandrum
472,SARDAR PATEL COLLEGE OF INFORMATION TECHNOLOGY,Mumbai
478,"Rajkumar Goel Institute of Technology, Ghaziabad",Delhi
483,"Gogte Institute of Technology, Belgaum",Bangalore
485,"Academy of Technology, Kolkata",Kolkata
486,Amity School of Engineering,Delhi
490,College of Engg Guindy Anna University,Chennai
491,"Maulana Azad National Institute of Technology, Bhopal",Mumbai
493,"Govt Engg College, Thrissur",Trivandrum
494,SRI KRISHNA COLLEGE OF TECHNOLOGY - COIMBATORE,Chennai
496,"Panimalar Engineering College, Thiruvallur",Chennai
497,"Banasthali Vidyapith, Jaipur",Delhi
498,"Institute of Engineering & Techonolgy, DAVV",Mumbai
503,"Gudlavalleru Engg. College, A P",Hyderabad
510,"Institute of Tech & Mgmt, Gurgaon",Delhi
514,"PADMABHOOSHAN VASANTDADA PATIL INSTITUTE OF TECHNOLOGY, PUNE",Pune
518,"Mahatma Gandhi Institute of Technology, Gandipet, Hyderabad",Hyderabad
526,SRM University,Chennai
528,"Pragathi College of Engineering, Kakinada",Hyderabad
533,"Maharashtra Institute of Technology, Pune",Pune
535,"Rungta College of Engineering and Technology, Bhilai",Mumbai
537,Bapuji Inst of Eng and Tech - Davanagere,Bangalore
538,University of Pune,Pune
539,"G B Pant Engg College, Garhwal Univ",Delhi
540,Ramco Institute of Technology,Chennai
542,"Govt. College of Engineering & Textile Technology, Berhampore",Kolkata
546,University of Madras,Chennai
548,"Thapar Inst of Tech., Patiala",Delhi
560,"Inst. of Road Trans, Tech., Erode",Chennai
562,SRI SHAKTHI INSTITUTE OF ENGINEERING AND TECHNOLOGY,Chennai
563,Gokaraju Rangaraju Institute of Engg. & Management. Hyderabad,Hyderabad
566,Bengal Institute of Technology,Kolkata
574,"Sree Chitra Thirunal COE, Trivandrum",Trivandrum
589,"Terna Engineering College, Nerul",Mumbai
590,"Chandigarh Engineering College, Landran",Delhi
591,"Modern College, Pune",Pune
604,"Maharaja Agrasen Institute of Technology, Rohini",Delhi
606,"Bharathi Vidyapeeth, Pune",Pune
608,"Bhoj Reddy Engineering College, Hyderabad",Hyderabad
616,Goa University,Mumbai
618,"Kurukshetra University, Kurukshetra",Delhi
626,"Dr. B. R Ambedkar University,Agra",Mumbai
630,Supreme Knowledge Foundation Group of Institutions,Kolkata
631,West Bengal University of Technology,Kolkata
633,SHRI SHANKARACHARYA INSTITUTE OF PROFESSIONAL MANAGEMENT AND TECHNOLOGY - RAIPUR,Mumbai
645,"Koneru Lakshmiah COE, A.P",Hyderabad
649,Sree Buddha College of Engineering Pattoor,Trivandrum
653,"Rajiv Gandhi Proudyogiki Vishwavidyala, Bhopal",Mumbai
657,Arya College of Engineering & I.T.,Delhi
664,"JSS Academy of Technical Education, U P Technical Univ., Noida",Delhi
670,"Jawaharlal Nehru Technical University's Coll of Engg, Kukatpally, JNT Univ",Hyderabad
671,Dhanalakshmi College of Engineering,Chennai
673,"T. K. M. College of Engineering, Kollam",Trivandrum
679,IIT - Madras,Chennai
682,I.T.S Engineering College,Delhi
690,"GYAN GANGA COLLEGE OF TECHNOLOGY (GGCT), JABALPUR",Mumbai
692,"NATIONAL INSTITUTE OF TECHNOLOGY, SURATHKAL",Bangalore
696,Chennai Institute of Technology,Chennai
700,"Mailam Engineering College, Chennai",Chennai
701,IITM GWALIOR,Delhi
703,"KLN College of Engineering, Madurai",Chennai
707,"Smt. Kashi Bhai Nawale College of Engineering, Pune",Pune
714,K.S.Rangasamy Coll. of Tech-Tiruchengode,Chennai
718,Indira Gandhi Instt of Technology-Sarang,Kolkata
719,"Centre for Development of Advanced Computing (C-DAC) , Noida",Delhi
724,TECHNO INDIA NJR INSTITUTE OF TECHNOLOGY UDAIPUR,Ahmedabad
726,"U V Patel College of Engineering, Kherva",Ahmedabad
730,Sree Buddha College of Engineering Pattoor Alappuzha,Trivandrum
731,"Guru Nanak Dev Engineering College, Ludhiana",Delhi
732,PDM College of Engineering,Delhi
739,"Jawaharlal Nehru Engg. College, Aurangabad",Pune
745,"RAJARAMBAPU INSTITUTE OF TECHNOLOGY, RAJARAMNAGAR",Pune
753,"Govt College of Engineering, Jabalpur",Mumbai
767,Sahrdaya College of Engineering and Technology,Trivandrum
770,"College of Technology- G.B. Pant Univ, Pantnagar(UP)",Delhi
778,"Birsa Institute of Technology, Sindri",Kolkata
789,"RMK Engg Coll, Anna Univ.Kavaraipettai",Chennai
797,Bengal College Of Engg And Technology For women Durgapur,Kolkata
799,"Sagar Institute of Research and Technology, Bhopal",Mumbai
800,LDRP ITR GANDHINAGAR,Ahmedabad
807,"IIIT, Allahabad",Lucknow
809,BIT Mesra,Kolkata
818,piet nagpur,Mumbai
820,VIDYA JYOTHI INSTITUTE OF TECHNOLOGY - AP,Hyderabad
821,indo global college of engineering abhipur,Delhi
823,"Rajiv Gandhi Inst of Tech, Kottayam",Trivandrum
836,Ambala College of Engineering and Applied Research,Delhi
850,Indore Institute of Science & Technology,Mumbai
855,"Punjab University., Chandigarh",Delhi
860,Christ College Of Enginering And Technology Puducherry,Chennai
872,"Govt. Engineering College, Barton Hills, Trivandrum",Trivandrum
875,Amrita Instt of Technology&Sc-Coimbatore,Chennai
878,Marwadi Education Foundations Group Of Institutions,Ahmedabad
882,SalCollegeOfEngineering,Ahmedabad
886,"PRIYADARSHINI INSTITUTE OF ENGINEERING AND TECHNOLOGY,NAGPUR",Mumbai
888,"MEERUT INSTITUTE OF TECHNOLOGY, MEERUT",Delhi
905,NBN Sinhgad School of Engineering,Pune
917,"University of Burdwan, Burdwan",Kolkata
924,"LAXMINARAIN COLLEGE OF TECHNOLOGY AND SCIENCE (LNCTS), BHOPAL",Mumbai
932,"Priyadarshini College of Engg & Arch.- Nagpur Univ., Nagpur",Mumbai
936,Saroj Mohan Institute of Technology,Kolkata
942,"PUNE INSTITUTE OF COMPUTER TECHNOLOGY, PUNE",Pune
946,"Bapatla Engineering College, Bapatla",Hyderabad
947,"Government Engineering College, Ajmer",Delhi
948,"Coimbatore Inst. of Tech., Coimbatore",Chennai
950,"UP Technical University, Lucknow",Delhi
952,"KITS COLLEGE OF ENGG., KOLHAPUR",Pune
955,"College of Engineering, Chengannur",Trivandrum
974,"SGGS Coll of Engg & Tech, Nanded",Pune
977,Shri Shankaracharya College of Engg & Tech,Mumbai
981,C U Shah College of Engineering and Technology,Ahmedabad
989,"GMR Institute of Technology (GMRIT) , Srikakulam",Hyderabad
994,"SJB Institute of Technology, Kengeri, Bangalore",Bangalore
998,DUMKAL INSTITUTE OF ENGINEERING AND TECHNOLOGY - KOLKATA,Kolkata
1002,K.RAMAKRISHNAN COLLEGE OF ENGINEERING,Chennai
1007,"IET, Agra University",Mumbai
1008,Siliguri Institute of Technology,Kolkata
1009,"M E S Col of Eng, Kuttipuram,Calicut University",Trivandrum
1014,Sinhgad COE - Pune,Pune
1020,"Vel Tech Hightech Dr. Rangarajan Dr. Sakunthala Engineering College, Chennai",Chennai
1032,UNIVERSITY OF PETROLEUM & ENERGY STUDIES - DEHRADUN,Delhi
1033,"M S Ramaiah Institute of Technology, Visveswaraiah Technological University",Bangalore
1037,"Vignan's Engineering College, Guntur",Hyderabad
1052,PRANVEER SINGH INSTITUTE OF TECHNOLOGY,Lucknow
1054,Sree Buddha College of Enginering pattoor,Trivandrum
1057,"Bannari Amman College, Coimbatore",Chennai
1060,TECHNO INDIA - BANIPUR,Kolkata
1067,GUJARAT TECHNOLOGICAL UNIVERSITY - AHEMDABAD,Ahmedabad
1069,Amity School of Engineering and Technology Amity University Gurgaon,Delhi
1076,"Karpagam College of Engineering, Coimbatore",Chennai
1082,S.K.R Engineering College Poonamalle,Chennai
1084,"Vidya Academy of Science and Technology, Thrissur",Trivandrum
1096,sipna college of engineering and technology amravati,Pune
1100,Mahakal Institute of Technology,Mumbai
1114,northern india india college delhi,Delhi
1126,Jaipur national university,Delhi
1132,"Indira Institute of Management, Pune",Pune
1135,Guru Nanak Institute of Technology,Kolkata
1136,"J. N. Technology Institute, Anantapur",Hyderabad
1157,Sree Buddha College Of Engineering Pattoor,Trivandrum
1160,College of Engineering Kidangoor,Trivandrum
1161,"Guru Tegh Bahadur Institute of Technology, Delhi",Delhi
1162,Bengal Engineering and Science University,Kolkata
1165,Bangalore Instt. of Technology,Bangalore
1168,Bankura Unnayani Institute of Engineering,Kolkata
1171,"Indian Institute Of Technology, Hyderabad",Hyderabad
1181,"Rajiv Gandhi Institute of Technology, Andheri, Mumbai",Mumbai
1185,National Institute of Engineering Mysore,Bangalore
1190,NIT Agartala,Kolkata
1199,College of Engineering Pathanapuram,Trivandrum
1207,"Bharat Institute of Technology, Meerut",Delhi
1212,RAJASTHAN TECHNICAL UNIVERSITY - KOTA,Ahmedabad
1213,Greater Noida institute of technology,Delhi
1215,TocH Institute Of Science And Technology,Trivandrum
1216,"Moradabad Institute of Tech, Moradabad",Delhi
1221,"BP Poddar Inst for Engg & Mgmt, Kolkata",Kolkata
1227,"D.K.T.E. Society's Textile & Engineering Institute, Ichalkaranji",Pune
1232,"Sant Longowal Instt. of Engg. & Tech., Longowal",Delhi
1233,pranveer singh institute of technology,Lucknow
1235,PSIT Bhauti Kanpur,Lucknow
1236,IIT - Delhi,Delhi
1237,St Martins Engineering College,Hyderabad
1254,"J. N. Technological Univ, Hyderabad",Hyderabad
1261,SRIRAM ENGINEERING COLLEGE - CHENNAI,Chennai
1268,GREATER NOIDA INSTITUTE OF TECHNOLOGY,Delhi
1274,Graphic Era Institute of Technology,Delhi
1276,Acropolis Technical Campus,Mumbai
1284,Babaria Institute of Technology,Ahmedabad
1317,"Maharishi Arvind Inst.Of Science & Mngt, University of Rajasthan",Delhi
1319,jecrc university,Delhi
1321,"Rajarshi Sahu College of Engineering, Pune",Pune
1328,"M. Kumarasamy College of Engineering, Karur",Chennai
1333,"V.S.B. Engineering College, Karur",Chennai
1337,"K. J. Somaiya College of Engineering, Mumbai",Mumbai
1342,"Datta Meghe College of Engg, Navi Mumbai",Mumbai
1351,"Crescent Engineering College, Chennai",Chennai
1355,Punjabi University - Patiala,Delhi
1359,"Adi Shankara Institute of Engineering & Technology, Ernakulam",Trivandrum
1361,Future Institute of Engg & Mgmt,Kolkata
1364,"St. Francis Inst. of Tech, Borivali",Mumbai
1372,St.Thomas College of Engg. Kolkatta,Kolkata
1375,"Govt. College of Engg., Aurangabad.",Pune
1387,"Srkr Engg. College,Bhimavaram",Hyderabad
1388,"Sikkim Manipal Instt of Technology, Rangpo - East Sikkim",Kolkata
1391,Saintgits College of Engineering,Trivandrum
1397,Govt. College of Engineering - Karad,Pune
1402,"College of Engineering, Kidangoor",Trivandrum
1433,Seacom Engineering College,Kolkata
1444,Central University of Hyderabad,Hyderabad
1447,C.V.Raman College of Engg. Bhubaneswar,Kolkata
1453,CALICUT UNIVERSITY,Trivandrum
1480,"DAV Institute of Engg. & Tech.Jalandhar, Punjab",Delhi
1485,Thakral College of Technology,Mumbai
1496,"Raisoni COE, Nagpur",Mumbai
1500,"Jaypee University of Information Technology, Solan",Delhi
1508,st vincent pallotti college of engineering and technology nagpur,Mumbai
1512,Shree L R Tiwari College of Engineering,Mumbai
1515,"SINHGAD INSTITUTE OF TECHNOLOGY AND SCIENCE, NARHE",Pune
1532,Indore Institute of Science and Technology II,Mumbai
1533,Acropolis Institute of Technology & Research,Mumbai
1539,b p poddar institute of management and technology,Kolkata
1558,"Adichunchunagiri Institute of Technology, Chikmagalur",Bangalore
1569,"R V College of Engineering, Bangalore",Bangalore
1571,Sri Bhagawan Mahaveer Jain College,Bangalore
1578,Durgapur Institute of Advanced Technology & Mgmt,Kolkata
1579,"Sri Krishna College of Engg & Tech, Coimbatore",Chennai
1581,IIMT COLLEGE OF ENGG,Delhi
1598,NIIT University,Delhi
1613,Krishna Engineering College,Delhi
1629,"College of Engg & Mgmt, Kolaghat - W.B.",Kolkata
1643,"RMK COLLEGE OF ENGINEERING AND TECHNOLOGY, TIRUVALLORE",Chennai
1645,ABES Institute of Technology,Delhi
1646,Gautam Buddha University,Delhi
1647,Sri Manakula Vinayagar Enginerring College,Chennai
1649,PSIT College Of Engineering,Lucknow
1661,"Prince Shri Venkateshwara Padmavathy Engineering College, Chennai",Chennai
1665,iimt college of engineering greater noida,Delhi
1671,"Shaheed Udham Singh College of Engineering & Technology, Tangori",Delhi
1676,PSIT College of Engineering Kanpur,Lucknow
1680,"National Inst of Sc & Tech, Berhampur",Kolkata
1701,"INDIAN INSTITUTE OF INFORMATION TECHNOLOGY, DESIGN & MANUFACTURING - KANCHEEPURAM",Chennai
1705,"JIS College of Engineering, Nadia",Kolkata
1709,"Maharishi Markandeshwer Engg College, Kurukshetra University",Delhi
1718,Budge Budge Institute Of Technology,Kolkata
1731,ksr institute for engineering and technology,Chennai
1732,cmr college of engineering and technology,Hyderabad
1741,"Netaji Subhash Inst of Tech, Delhi Univ",Delhi
1761,aditya institute of technology and management tekkali srikakulam,Hyderabad
1765,LDRP,Ahmedabad
1767,IES College Of Technology,Mumbai
1785,"Rollwala Computer Centre, Ahmedabad",Ahmedabad
1799,"Shaheed Udham Singh Engineering College,Tangori",Delhi
1813,MLR Institute of Technology,Hyderabad
1843,KIET Kakinada,Hyderabad
1857,"WALCHAND INSTITUTE OF TECHNOLOGY, SOLAPUR",Pune
1858,MAR BASELIOS COLLEGE OF ENGINEERING AND TECHNOLOGY,Trivandrum
1867,"AISSMS INSTITUTE OF INFORMATION TECHNOLOGY, PUNE",Pune
1873,"Mody Inst. of Tech & Science, Lakshmangarh",Delhi
1880,GOVERNMENT COLLEGE OF ENGINEERING AND CERAMIC TECHNOLOGY,Kolkata
1881,"Padmabhushan Vasantdada Patil Prathisthan's College of Engineering, Mumbai",Mumbai
1907,IIT Bhubaneshwar,Kolkata
1913,northern india engineering college,Delhi
1933,CHAMELI DEVI SCHOOL OF ENGINEERING,Mumbai
1943,National Institute of Technology,Kolkata
1961,Indian Institute of Technology - Rajasthan,Delhi
1990,government college of engineering and ceramic technology,Kolkata
1997,"Sethu Institute of Technology, Kariapatti",Chennai
2010,"G Pulla Reddy Engg College, Kurnool",Hyderabad
2031,"Indian Instt of IT & Mgmt, Trivandrum",Trivandrum
2032,Valliammai Engineering College - Anna University,Chennai
2034,GITAM College of Engineering,Hyderabad
2047,"St.Josephs College of Engg,Chennai",Chennai
2061,"L B S Coll of Engg, Kasargod, Kannur Uni",Trivandrum
2078,Indraprastha University,Delhi
2090,"SRMS College of Engg. & Tech., Unnao",Lucknow
2094,SHRI RAM MURTI SMARAK WOMENS COLLEGE OF ENGINEERING & TECHNOLOGY - BAREILLY,Lucknow
2095,Sri Venkateswara College of Engg.-Madras,Chennai
2100,"Inderprastha Engineering College, Ghaziabad",Delhi
2127,ST.JOSEPH'S COLLEGE - KERALA,Trivandrum
2149,Institute of Aeronautical Engineering,Hyderabad
2157,"KC College of Engineering, Thane",Mumbai
2161,"Vishwakarma Inst of Tech, Pune",Pune
2172,SILICON INSTITUTE OF TECHNOLOGY SAMBALPUR,Kolkata
2178,chameli devi group of institutions,Mumbai
2187,Piet,Delhi
2190,CGPIT maliba campus bardoli,Ahmedabad
2193,NBNSSOE,Pune
2199,"GLA UNIVERSITY, MATHURA",Delhi
2214,Saranathan College of Engineering,Chennai
2215,IEC College of Engineering and Technology,Delhi
2229,sri shakthi institute of engineering and technology coimbatore,Chennai
2241,Dronacharya Group of Institutions greater Noida,Delhi
2242,"Shri Vishnu Engineering College for Women, Vishnupur",Hyderabad
2246,sagar institute of science and techanology,Mumbai
2261,MEDICAPS INSTITUE OF SCIENCE AND TECHNOLOGY,Mumbai
2288,"Bansal Inst. of Science & Tech., Bhopal",Mumbai
2344,Christ College Of Engineering And Technology,Chennai
2359,marwadi education foundation group of institution,Ahmedabad
2364,Mallabhum Insitute of Technology. Bankura,Kolkata
2365,"New Horizon College of Engineering, Bangalore",Bangalore
2391,"Govt. College of Engineering & Technology, Jammu University",Delhi
2393,"All India Shri Shivaji Memorial Society' S COE, Pune",Pune
2395,RGUKT - NUZVID,Hyderabad
2412,gandhinagar institute of technology,Ahmedabad
2425,"Harcourt Butler Technological Institute, Kanpur",Lucknow
2451,B H GARDI COLLEGE OF ENGINEERING AND TECHNOLOGY,Ahmedabad
2468,Banaras Hindu University,Lucknow
2470,"LN Mittal Institute of Information Technology, Jaipur",Delhi
2481,HOOGHLY ENGINEERING & TECHNOLOGY COLLEGE - WEST BENGAL,Kolkata
2503,IDEAL INSTITUTE OF TECHNOLOGY GHAZIABAD,Delhi
2506,Keshav Memorial Institute Of Technology,Hyderabad
2512,Gandhinagar Institute of Technology,Ahmedabad
2532,"University College of Engineering, Trivandrum",Trivandrum
2547,NIT - Kurukshetra,Delhi
2550,NITTE Meenakshi Institute of Technology,Bangalore
2556,K S R Institute For Engineering and Technology,Chennai
2559,Chameli devi group of institution indore,Mumbai
2561,"Amity University, Noida",Delhi
2571,NIT - Rourkela,Kolkata
2575,Babu Banarasi Das Northern India Institute of Technology,Lucknow
2577,Pillai HOC College of Engineering & Technology,Mumbai
2603,Bapu INstitute of TechnologyGandhinagar,Ahmedabad
2629,PDM College of Engineering Badurgarh,Delhi
2636,"Malaviya Reg Engineering College, Jaipur",Delhi
2644,Pranveer Singh Institute Of Technology Kanpur,Lucknow
2652,Pondicherry Engr College,Chennai
2659,Sri Dharmasthala Manjunatheswara College,Bangalore
2713,Symbiosis Institute of Technology,Pune
2761,"Kongu Engg. College,Erode",Chennai
2766,Chandigarh University Gharuan,Delhi
2785,Government Engineering CollegeRajkot,Ahmedabad
2795,sree buddha college of engineering pattoor,Trivandrum
2808,"B.M.S. COE, Bangalore",Bangalore
